number,exercise,file_name,equipment,view,status
1,"Back Squat",back-squat,"Barbell on upper back",Side,
2,"Front Squat",front-squat,"Barbell on front of shoulders",Side,
3,"Leg Press",leg-press,"Leg press machine",Side,
4,"Goblet Squat",goblet-squat,"One dumbbell held at chest",Side,
5,"Kettlebell Sumo Squat",kettlebell-sumo-squat,"One kettlebell",Front,
6,"Dumbbell Step-Up",dumbbell-step-up,"Dumbbells + box/bench",Side,
7,"Bodyweight Squat",bodyweight-squat,"None",Side,
8,"Jump Squat",jump-squat,"None",Side,
9,"Wall Sit",wall-sit,"Wall",Side,
10,"Walking Lunge",walking-lunge,"Dumbbells at sides",Side,
11,"Bulgarian Split Squat",bulgarian-split-squat,"Dumbbells + bench",Side,
12,"Step-Up",step-up,"Box/bench (weight optional)",Side,
13,"Reverse Lunge",reverse-lunge,"None",Side,
14,"Bodyweight Split Squat",bodyweight-split-squat,"None",Side,
15,"Bodyweight Step-Up",bodyweight-step-up,"Box/step",Side,
16,"Deadlift",deadlift,"Barbell on floor",Side,
17,"Trap Bar Deadlift",trap-bar-deadlift,"Trap (hex) bar",Side,
18,"Rack Pull",rack-pull,"Barbell on rack pins at knee height",Side,
19,"Romanian Deadlift",romanian-deadlift,"Barbell",Side,
20,"Hip Thrust",hip-thrust,"Barbell + bench",Side,
21,"Good Morning",good-morning,"Barbell on upper back",Side,
22,"Dumbbell Romanian Deadlift",dumbbell-romanian-deadlift,"Dumbbells",Side,
23,"Kettlebell Swing",kettlebell-swing,"One kettlebell",Side,
24,"Dumbbell Hip Thrust",dumbbell-hip-thrust,"Dumbbell + bench",Side,
25,"Single-Leg Romanian Deadlift",single-leg-romanian-deadlift,"None",Side,
26,"Glute Bridge",glute-bridge,"None",Side,
27,"Single-Leg Glute Bridge",single-leg-glute-bridge,"None",Side,
28,"Bench Press",bench-press,"Barbell + flat bench",Side,
29,"Incline Barbell Press",incline-barbell-press,"Barbell + incline bench",Side,
30,"Dumbbell Bench Press",dumbbell-bench-press,"Dumbbells + flat bench",Side,
31,"Incline Dumbbell Press",incline-dumbbell-press,"Dumbbells + incline bench",Side,
32,"Dumbbell Floor Press",dumbbell-floor-press,"Dumbbells, on floor",Side,
33,"Chest Fly",chest-fly,"Dumbbells + flat bench",Front (from the feet end) or 3/4,
34,"Cable Fly",cable-fly,"Cable machine, two handles",Front or 3/4,
35,"Dumbbell Floor Fly",dumbbell-floor-fly,"Dumbbells, on floor",Front or 3/4,
36,"Push-Up",push-up,"None",Side,
37,"Incline Push-Up",incline-push-up,"Bench/box",Side,
38,"Decline Push-Up",decline-push-up,"Bench/box",Side,
39,"Diamond Push-Up",diamond-push-up,"None",Side or 3/4,
40,"Overhead Press",overhead-press,"Barbell",Side,
41,"Push Press",push-press,"Barbell",Side,
42,"Arnold Press",arnold-press,"Dumbbells",Front,
43,"Dumbbell Shoulder Press",dumbbell-shoulder-press,"Dumbbells",Front,
44,"Pike Push-Up",pike-push-up,"None",Side,
45,"Bent-Over Row",bent-over-row,"Barbell",Side,
46,"Seated Cable Row",seated-cable-row,"Cable row machine",Side,
47,"T-Bar Row",t-bar-row,"T-bar / landmine",Side,
48,"Dumbbell Row",dumbbell-row,"Dumbbell + bench",Side,
49,"Resistance Band Row",resistance-band-row,"Resistance band",Side,
50,"Inverted Row",inverted-row,"Bar at waist height",Side,
51,"Superman",superman,"None",Side,
52,"Pull-Up",pull-up,"Pull-up bar",Side or back,
53,"Chin-Up",chin-up,"Pull-up bar",Side,
54,"Lat Pulldown",lat-pulldown,"Lat pulldown machine",Side or front,
55,"Dumbbell Pullover",dumbbell-pullover,"Dumbbell + bench",Side,
56,"Prone Y-T-W Raise",prone-y-t-w-raise,"None",Top-down or side,
57,"Bicep Curl",bicep-curl,"Dumbbells",Side,
58,"Hammer Curl",hammer-curl,"Dumbbells",Side,
59,"Triceps Pushdown",triceps-pushdown,"Cable machine",Side,
60,"Overhead Triceps Extension",overhead-triceps-extension,"One dumbbell",Side,
61,"Triceps Dip",triceps-dip,"Parallel bars",Side,
62,"Bench Dip",bench-dip,"Bench",Side,
63,"Face Pull",face-pull,"Cable machine with rope",Side,
64,"Reverse Fly",reverse-fly,"Dumbbells",Side or 3/4,
65,"Band Pull-Apart",band-pull-apart,"Resistance band",Front,
66,"Calf Raise",calf-raise,"None (optional step)",Side,
67,"Single-Leg Calf Raise",single-leg-calf-raise,"None (optional step)",Side,
68,"Plank",plank,"None",Side,
69,"Dead Bug",dead-bug,"None",Side,
70,"Side Plank",side-plank,"None",Front,
71,"Bicycle Crunch",bicycle-crunch,"None",Side or 3/4,
72,"Kettlebell Front Squat",kettlebell-front-squat,"Two kettlebells (or one) in front rack",Side,
73,"Kettlebell Reverse Lunge",kettlebell-reverse-lunge,"Kettlebell",Side,
74,"Kettlebell Split Squat",kettlebell-split-squat,"Kettlebell",Side,
75,"Kettlebell Deadlift",kettlebell-deadlift,"Kettlebell on floor",Side,
76,"Single-Leg Kettlebell Deadlift",single-leg-kettlebell-deadlift,"Kettlebell",Side,
77,"Kettlebell Clean",kettlebell-clean,"Kettlebell",Side,
78,"Kettlebell Floor Press",kettlebell-floor-press,"Kettlebell, on floor",Side,
79,"Kettlebell Overhead Press",kettlebell-overhead-press,"Kettlebell",Side or front,
80,"Kettlebell Push Press",kettlebell-push-press,"Kettlebell",Side,
81,"Kettlebell Halo",kettlebell-halo,"Kettlebell",Front,
82,"Kettlebell Row",kettlebell-row,"Kettlebell",Side,
83,"Kettlebell Gorilla Row",kettlebell-gorilla-row,"Two kettlebells",Side or 3/4,
84,"Kettlebell High Pull",kettlebell-high-pull,"Kettlebell",Side,
85,"Kettlebell Pullover",kettlebell-pullover,"Kettlebell + bench/floor",Side,
86,"Kettlebell Curl",kettlebell-curl,"Kettlebell",Side,
87,"Kettlebell Overhead Triceps Extension",kettlebell-overhead-triceps-extension,"Kettlebell",Side,
88,"Turkish Get-Up",turkish-get-up,"Kettlebell",Side or 3/4,
89,"Kettlebell Windmill",kettlebell-windmill,"Kettlebell",Front,
90,"Towel Row",towel-row,"Towel + door/post",Side,
91,"Wall Angel",wall-angel,"Wall",Front,
92,"Bird Dog",bird-dog,"None",Side,
93,"Hanging Knee Raise",hanging-knee-raise,"Pull-up bar",Side,
94,"Reverse Curl",reverse-curl,"Barbell or dumbbells",Side,
95,"Preacher Curl",preacher-curl,"Preacher bench + bar/dumbbell",Side,
96,"Concentration Curl",concentration-curl,"Dumbbell, seated",Side or 3/4,
97,"Skull Crusher",skull-crusher,"EZ bar/dumbbells + bench",Side,
98,"Lateral Raise",lateral-raise,"Dumbbells",Front,
99,"Cable Lateral Raise",cable-lateral-raise,"Cable machine, one handle",Front,
100,"Front Raise",front-raise,"Dumbbells",Side,
101,"Rear Delt Raise",rear-delt-raise,"Dumbbells",Side or 3/4,
102,"Upright Row",upright-row,"Barbell or dumbbells",Front,
103,"Wrist Curl",wrist-curl,"Dumbbells or barbell",Side,
104,"Dead Hang",dead-hang,"Pull-up bar",Side or front,
105,"Ab Wheel Rollout",ab-wheel-rollout,"Ab wheel",Side,
106,"Hollow Body Hold",hollow-body-hold,"None",Side,
107,"Mountain Climber",mountain-climber,"None",Side,
108,"Cat-Cow",cat-cow,"None",Side,
109,"Thoracic Rotation",thoracic-rotation,"None",Front or 3/4,
110,"World's Greatest Stretch",worlds-greatest-stretch,"None",Side or 3/4,
111,"Hip Flexor Stretch",hip-flexor-stretch,"None",Side,
112,"Reverse Crunch",reverse-crunch,"None",Side,
113,"Russian Twist",russian-twist,"None (optional weight)",Front or 3/4,
114,"Clamshell",clamshell,"Optional band around the knees",Front,
115,"Side-Lying Leg Raise",side-lying-leg-raise,"None",Front,
116,"Monster Walk",monster-walk,"Band around knees or ankles",Front,
117,"Lateral Band Walk",lateral-band-walk,"Band around knees or ankles",Front,
118,"Thread the Needle",thread-the-needle,"None",Side or 3/4,
119,"Pigeon Stretch",pigeon-stretch,"None",Side or 3/4,
120,"Arm Circles",arm-circles,"None",Front,
121,"Child's Pose",childs-pose,"None",Side,
122,"Seated Forward Fold",seated-forward-fold,"None",Side,
123,"Hamstring Stretch",hamstring-stretch,"None",Side,
124,"Standing Quad Stretch",standing-quad-stretch,"None",Side,
125,"Deep Breathing",deep-breathing,"None",—,
126,"Box Breathing",box-breathing,"None",—,
127,"Foam Roll Quads",foam-roll-quads,"Foam roller",Side,
128,"Foam Roll Hamstrings",foam-roll-hamstrings,"Foam roller",Side,
129,"Foam Roll Back",foam-roll-back,"Foam roller",Side,
130,"Foam Roll Lats",foam-roll-lats,"Foam roller",Front or 3/4,
131,"Standing Forward Fold",standing-forward-fold,"None",Side,
